'name', 'addr', '外卖', '图片', '好评', '中评', '差评', '口味', '环境', '服务', 'price'
肯德基(控江路鞍山店),控江路2056号一层04号商铺,1.0,47.0,48.0,13.0,5.0,7.4,7.8,7.6, 25 
肯德基(福州店),福州路556号,1.0,447.0,524.0,182.0,54.0,7.8,7.6,7.7, 31 
肯德基(中华店),中华路1405号,1.0,130.0,191.0,78.0,36.0,7.4,7.3,7.2, 27 
肯德基(飞洲国际店),零陵路899号飞洲国际广场地下一层B1-33号商铺,0.0,128.0,126.0,25.0,22.0,7.8,7.9,7.5, 26 
肯德基(浦南店),浦东南路800号,1.0,214.0,256.0,100.0,56.0,7.5,7.4,7.2, 34 
肯德基(吴泾店),宝秀路667号,1.0,44.0,119.0,29.0,17.0,8.0,7.9,8.0, 30 
肯德基(松江新城店),新松江路935号,1.0,73.0,98.0,24.0,13.0,7.9,7.8,7.6, 30 
肯德基(虬江店),虬江路760号,1.0,74.0,120.0,60.0,24.0,7.5,7.2,7.2, 29 
肯德基(和平店),西藏中路290号,0.0,399.0,449.0,232.0,83.0,7.5,7.5,7.3, 28 
肯德基(高青店),长清路1200弄1号1号商铺,1.0,104.0,138.0,50.0,30.0,7.4,7.3,7.3, 31 
肯德基(东江湾店),东江湾路444号5号门小白楼101室一层,1.0,186.0,269.0,147.0,54.0,7.3,7.3,7.2, 24 
肯德基(丽园店),西藏南路1118号1，2层,1.0,134.0,213.0,58.0,43.0,7.5,7.7,7.4, 31 
肯德基(塘桥店),浦建路15号,1.0,128.0,198.0,56.0,43.0,7.4,7.6,7.6, 30 
肯德基(八佰伴精选店),张扬路501号一层,0.0,24.0,27.0,4.0,0.0,7.8,7.8,7.9, 33 
肯德基(张江高科店),碧波路635号,1.0,110.0,294.0,176.0,51.0,7.0,6.9,6.7, 30 
肯德基(东方店),"东方路1688号103室,202室",0.0,97.0,149.0,46.0,39.0,7.2,7.4,7.3, 35 
肯德基(八佰伴店),张杨路501号二层,1.0,337.0,682.0,254.0,88.0,7.4,7.4,7.3, 27 
肯德基(四平店),四平路903号,1.0,186.0,313.0,135.0,51.0,7.3,7.3,7.1, 33 
肯德基(第一百货店),南京东路830号第一百货商业中心B馆1楼,1.0,222.0,305.0,142.0,87.0,7.3,7.3,7.2, 27 
肯德基(莘建店),水清南路20号,1.0,93.0,152.0,46.0,42.0,7.4,7.4,7.1, 28 
肯德基(凯旋店),宜山路站一层宜山-3-101号,1.0,152.0,279.0,134.0,73.0,7.3,7.2,7.1, 26 
肯德基(大连地铁站店),大连路555号,0.0,23.0,22.0,6.0,2.0,7.2,7.4,7.2,-
肯德基(张江店),张江路625号一层B座,1.0,59.0,127.0,34.0,16.0,7.4,7.5,7.2, 45 
肯德基(永业店),蒙自路25-27号1层及29-31号一层A商铺,1.0,184.0,236.0,57.0,36.0,7.7,7.7,7.6, 30 
肯德基(天潼店),天潼路538号,1.0,82.0,115.0,55.0,31.0,7.1,7.1,6.9, 41 
肯德基(打浦桥店),徐家汇路679号,1.0,358.0,407.0,113.0,42.0,7.8,7.7,7.7, 29 
肯德基(莘庄店),莘东路255号,0.0,88.0,153.0,60.0,29.0,7.7,7.7,7.6, 36 
肯德基(瑞金店),徐家汇路618号日月光中心广场徐家汇区B2层,1.0,370.0,435.0,151.0,67.0,7.4,7.4,7.3, 25 
肯德基(天钥桥路店),天钥桥路123号,0.0,33.0,43.0,49.0,5.0,7.0,7.0,6.9, 21 
肯德基(瑞虹店),临平路123号,1.0,139.0,231.0,89.0,49.0,7.5,7.5,7.4, 38 
肯德基(金钟店),淮海中路98号,0.0,16.0,22.0,2.0,1.0,8.0,8.0,7.8, 25 
肯德基(星宝购物中心店),漕宝路1574号1层128室,1.0,38.0,47.0,7.0,3.0,7.9,8.3,7.8, 36 
肯德基(莲花店),上南路3521号,1.0,70.0,126.0,45.0,25.0,7.4,7.6,7.6, 26 
肯德基(漕东店),轻轨3号线漕溪站1楼,1.0,97.0,151.0,56.0,30.0,7.4,7.4,7.3, 24 
肯德基(香港广场店),淮海中路282号香港广场商场北座地下一层NBL04室,1.0,205.0,299.0,137.0,63.0,7.6,7.6,7.6, 29 
肯德基(芮欧店),南京西路1601号越洋广场商场B2层芮欧美食广场,0.0,266.0,313.0,75.0,45.0,7.7,7.5,7.6, 26 
肯德基(春申店),春申路2801号,1.0,88.0,171.0,54.0,42.0,7.3,7.6,7.5, 26 
肯德基(乳山店),乳山路136号,1.0,84.0,155.0,51.0,33.0,7.4,7.6,7.5, 30 
肯德基(威宁店),天山路352号101和201,1.0,117.0,173.0,58.0,33.0,7.3,7.4,7.4, 27 
肯德基(崇明店),崇明城桥镇八一路138号,1.0,22.0,82.0,41.0,10.0,7.2,7.2,7.2, 37 
肯德基(人民店),惠南镇人民东路2635弄152-158号,1.0,41.0,107.0,19.0,24.0,7.4,7.2,7.3, 30 
肯德基(成山店),成山路436号,1.0,115.0,190.0,60.0,39.0,7.4,7.5,7.4, 33 
肯德基(延吉店),靖宇东路280号,1.0,131.0,223.0,95.0,64.0,7.5,7.3,7.3, 25 
肯德基(漕宝路站店),漕溪路280号1号楼一层,1.0,64.0,64.0,20.0,13.0,7.5,7.5,7.0, 33 
肯德基(控江店),双辽路768号,1.0,225.0,380.0,103.0,65.0,7.6,7.6,7.4, 30 
肯德基(秀山店),番愚路872号一层,1.0,82.0,129.0,38.0,28.0,7.5,7.8,7.5, 28 
肯德基(新凌云店),凌云路365号1F，2F,1.0,117.0,196.0,42.0,44.0,7.8,7.6,7.7, 47 
肯德基(康桥店),康桥镇秀沿路1032-1080号,1.0,59.0,110.0,32.0,22.0,7.6,7.7,7.4, 36 
肯德基(玉田店),玉田路280号,1.0,131.0,201.0,84.0,30.0,7.6,7.7,7.6, 32 
肯德基(北蔡店),北中路183号1层,1.0,60.0,85.0,29.0,10.0,7.4,7.6,7.4, 36 
肯德基(昌里店),上南路1160号1层,1.0,232.0,335.0,121.0,70.0,7.4,7.3,7.2, 31 
肯德基(长海店),"长海路359,361,363号",1.0,138.0,220.0,59.0,38.0,7.6,7.7,7.4, 31 
肯德基(田林店),田林路1号,1.0,149.0,225.0,77.0,37.0,7.7,7.7,7.6, 26 
肯德基(新南方商城店),沪闵路7388号,1.0,183.0,287.0,98.0,44.0,7.6,7.5,7.1, 32 
肯德基(利通广场店),四川北路1350号利通广场1层,0.0,73.0,65.0,28.0,15.0,7.4,7.1,7.2, 36 
肯德基(江苏店),江苏街道江苏路458号112B、113、215、216室,0.0,102.0,131.0,25.0,22.0,7.9,7.7,7.5, 34 
肯德基(荣乐店),荣乐中路552号,1.0,34.0,65.0,8.0,5.0,7.8,7.9,7.6, 43 
肯德基(永泰店),东明路2655号,1.0,99.0,167.0,55.0,34.0,7.7,7.6,7.5, 33 
肯德基(惠乐店),人民西路955号,1.0,51.0,741.0,72.0,30.0,7.8,7.8,7.8, 32 
肯德基(曹杨店),兰溪路137号,1.0,135.0,216.0,70.0,43.0,7.8,7.7,7.5, 32 
肯德基(百齐店),百齐路588号百联南桥购物中心二期1层,0.0,34.0,100.0,24.0,10.0,7.6,7.7,7.6, 35 
肯德基(钦州店),桂林路39号一-三层,1.0,141.0,205.0,78.0,51.0,7.3,7.3,7.1, 31 
肯德基(金桥店),"张杨路3611弄1号123,124,216室",1.0,135.0,246.0,92.0,52.0,7.9,7.8,7.5, 30 
肯德基(颛桥店),"颛兴路89,93,113号一至二层",1.0,81.0,169.0,47.0,34.0,7.5,7.6,7.4, 35 
肯德基(佘山店),"佘山镇桃源路190号2层，192,194号1-2层",0.0,29.0,58.0,6.0,9.0,7.6,7.7,7.6, 32 
肯德基(瞿溪店),瞿溪路477号,1.0,138.0,192.0,50.0,32.0,7.5,7.2,6.9, 29 
肯德基(浦三店),浦东南路2551号,1.0,107.0,177.0,61.0,28.0,7.5,7.5,7.5, 33 
肯德基(凉城联华店),车站南路370弄,1.0,103.0,178.0,57.0,47.0,7.6,7.5,7.2, 30 
肯德基(青浦店),公园路461号,1.0,22.0,47.0,14.0,10.0,7.6,7.7,7.5, 29 
肯德基(虹许店),"吴中路729,769号苏宁电器一层二层",1.0,57.0,86.0,16.0,14.0,7.7,7.6,7.6, 57 
肯德基(东川店),东川路2088号－2098号,1.0,92.0,176.0,71.0,30.0,7.6,7.4,7.3, 32 
肯德基(川沙店),新川路401号,1.0,47.0,70.0,28.0,17.0,7.6,7.6,7.2, 30 
肯德基(仙霞店),仙霞路606号,1.0,121.0,183.0,67.0,18.0,7.9,7.5,7.5, 24 
肯德基(光大店),漕宝路78号,1.0,95.0,129.0,56.0,18.0,7.5,7.1,7.5, 34 
肯德基(淞沪店),淞沪路8号7楼,0.0,187.0,237.0,110.0,40.0,7.6,7.6,7.4, 37 
肯德基(枫泾店),枫泾镇白牛路280号,1.0,20.0,46.0,1.0,6.0,7.6,7.7,7.5, 32 
肯德基(海光店),大木桥路370号,1.0,132.0,247.0,93.0,56.0,7.5,7.3,7.3, 28 
肯德基(锦尊店),"成山路1957号,锦尊路499弄2号203，204室",1.0,100.0,146.0,62.0,50.0,7.3,7.3,6.8, 33 
肯德基(巨峰店),巨峰路239号,1.0,69.0,81.0,22.0,13.0,7.4,7.5,7.4, 31 
肯德基(汇金店),肇嘉浜路998号,1.0,164.0,210.0,80.0,36.0,7.6,7.5,7.3, 26 
肯德基(安亭店),昌吉路188号,1.0,38.0,80.0,15.0,12.0,7.9,7.9,7.9, 36 
肯德基(古棕店),古棕路574号农工商超市一楼,1.0,43.0,76.0,12.0,16.0,7.6,7.5,7.2, 40 
肯德基(赤峰店),赤峰路轻轨站1楼,1.0,158.0,308.0,109.0,40.0,7.5,7.5,7.4, 35 
肯德基(大润发店),黄兴路1616号,1.0,194.0,295.0,117.0,61.0,7.4,7.3,7.2, 31 
肯德基(石龙店),柳州路36号1幢,1.0,21.0,33.0,5.0,6.0,7.2,7.1,7.2, 38 
肯德基(新天山店),天山路900号118号商铺1层-B1层,1.0,160.0,245.0,107.0,41.0,7.5,7.4,7.3, 25 
肯德基(泗宝店),泗泾镇横港路61号,1.0,65.0,99.0,15.0,12.0,7.9,7.7,7.5, 32 
肯德基(秀沿店),秀沿路2532号,1.0,31.0,45.0,6.0,3.0,8.0,7.9,8.3, 37 
肯德基(中远店),普远景路616号一层,1.0,77.0,111.0,24.0,23.0,7.7,7.6,7.4, 36 
肯德基(聚丰店),聚丰园路205号,1.0,91.0,198.0,64.0,30.0,7.7,7.5,7.5, 30 
肯德基(石龙店),柳州路36号1幢,1.0,21.0,33.0,5.0,6.0,7.2,7.1,7.2, 38 
肯德基(翔川店),妙镜路1118号E号商铺,1.0,42.0,59.0,16.0,9.0,7.6,7.5,7.5, 33 
肯德基(季景店),外高桥夏碧路261号,1.0,35.0,77.0,27.0,11.0,7.5,7.6,7.2, 28 
肯德基(赤峰店),赤峰路轻轨站1楼,1.0,158.0,308.0,109.0,40.0,7.5,7.5,7.4, 35 
肯德基(沪东店),平凉路1500号,1.0,117.0,234.0,64.0,55.0,7.6,7.5,7.5, 29 
肯德基(隆昌店),隆昌路586号101商铺,1.0,123.0,154.0,35.0,29.0,7.8,8.0,7.9, 27 
肯德基(航头店),沪南公路5588-5592号一层,1.0,41.0,82.0,24.0,29.0,7.3,7.3,7.2, 40 
肯德基(蓝村路店),东方路1367号富都广场一层,1.0,130.0,170.0,27.0,10.0,8.1,8.1,7.9, 28 
肯德基(中远店),普远景路616号一层,1.0,77.0,111.0,24.0,23.0,7.7,7.6,7.4, 36 
肯德基(金谊店),上南路4467号20号中房金谊广场南区1层,1.0,91.0,172.0,43.0,38.0,7.6,7.3,7.3, 32 
肯德基(七莘店),七莘路695号,1.0,40.0,80.0,18.0,20.0,7.5,7.4,7.2, 30 
肯德基(都市店),都市路3759号龙盛国际商业广场1层,1.0,66.0,102.0,19.0,12.0,7.7,7.7,7.8, 36 
肯德基(永隆店),淮海中路1298号,1.0,169.0,270.0,80.0,47.0,7.6,7.7,7.5, 28 
肯德基(昌平店),常德路778号102商铺,1.0,117.0,192.0,61.0,43.0,7.5,7.4,7.2, 23 
肯德基(苗圃店),杨高中路2128号,1.0,58.0,95.0,33.0,20.0,7.6,7.6,7.5, 36 
肯德基(邯郸店),"邯郸路585号地下一层B-2,B-8-1,B-8-3",1.0,139.0,162.0,54.0,61.0,7.2,7.4,7.3, 22 
肯德基(古棕店),古棕路574号农工商超市一楼,1.0,43.0,76.0,12.0,16.0,7.6,7.5,7.2, 40 
肯德基(国顺店),国顺东路188号,1.0,92.0,186.0,52.0,42.0,7.5,7.3,7.0, 28 
肯德基(大学城店),文汇路818号,1.0,98.0,170.0,69.0,31.0,7.6,7.6,7.4, 34 
肯德基(年家浜店),"周浦镇沪南公路3449弄1幢32号236-1,236-2号,240号108",1.0,83.0,172.0,52.0,33.0,7.4,7.5,7.2, 27 
肯德基(长风店),金沙江路588号,1.0,112.0,168.0,72.0,24.0,7.5,7.4,7.2, 34 
肯德基(金杨店),金杨路524号,1.0,113.0,201.0,61.0,42.0,7.3,7.1,7.1, 34 
肯德基(长寿店),长寿路401号二楼,1.0,217.0,343.0,155.0,53.0,7.5,7.7,7.6, 37 
肯德基(浦东机场T1店),浦东机场1号航站楼安检外国际出发区域3层公众区南端集中餐饮区域1,0.0,28.0,39.0,8.0,6.0,7.6,7.6,7.4, 35 
肯德基(康沈店),周浦康沈路1645-1649号,1.0,57.0,112.0,28.0,22.0,7.6,7.4,7.3, 34 
肯德基(延长店),延长中路312号,1.0,167.0,246.0,78.0,44.0,7.4,7.4,7.4, 30 
肯德基(沪太店),中山北路1015号,1.0,56.0,141.0,40.0,21.0,7.7,7.7,7.7, 26 
肯德基(沪太店),中山北路1015号,1.0,56.0,141.0,40.0,21.0,7.7,7.7,7.7, 26 
肯德基(中华新店),中华新路567号,1.0,91.0,159.0,56.0,25.0,7.7,7.6,7.4, 28 
肯德基(虹梅地铁店),沪闵路8073号,1.0,116.0,162.0,54.0,38.0,7.5,7.5,7.3, 20 
肯德基(真北店),桃浦路328号,1.0,106.0,168.0,59.0,42.0,7.7,7.8,7.5, 34 
肯德基(新江桥店),虞姬墩路506号,1.0,70.0,104.0,13.0,23.0,7.8,7.8,7.7, 26 
肯德基(虹凯店),轨道交通虹桥路站,1.0,67.0,69.0,12.0,9.0,7.6,7.8,7.6, 23 
肯德基(华泾店),华泾路509号7幢101商铺,1.0,65.0,168.0,36.0,24.0,7.9,7.7,7.5, 26 
肯德基(新宜街店),宜山路700号84幢A1号楼商铺101-102,1.0,119.0,170.0,60.0,52.0,7.3,7.3,7.1, 34 
肯德基(宝山店),牡丹江路1688号,1.0,116.0,285.0,77.0,38.0,7.3,7.4,7.2, 24 
肯德基(泗宝店),泗泾镇横港路61号,1.0,65.0,99.0,15.0,12.0,7.9,7.7,7.5, 32 
肯德基(上丰店),上丰路1772-1784号一层,1.0,39.0,88.0,28.0,36.0,7.6,7.6,7.4, 29 
肯德基(淞南店),长江南路553号,1.0,70.0,103.0,24.0,20.0,7.5,7.5,7.3, 43 
肯德基(莘龙店),沪闵路6088号,0.0,51.0,101.0,39.0,28.0,7.7,7.4,7.2, 33 
肯德基(新天山店),天山路900号118号商铺1层-B1层,1.0,160.0,245.0,107.0,41.0,7.5,7.4,7.3, 25 
肯德基(外滩店),中山东一路353号,0.0,34.0,33.0,9.0,4.0,7.6,7.6,7.6, 41 
肯德基(文峰广场张杨北路店),张杨北路801号文峰广场1层,1.0,135.0,239.0,87.0,42.0,7.5,7.3,7.2, 33 
肯德基(金湘店),"新金桥路1088号A幢1,2层",1.0,51.0,82.0,29.0,18.0,7.5,7.6,7.5, 33 
肯德基(新茂名店),茂名北路328号101-1,1.0,371.0,477.0,180.0,68.0,7.6,7.4,7.5, 27 
肯德基(金科店),金科路3057号SHzj-1014,1.0,101.0,149.0,41.0,57.0,7.5,7.7,7.4, 29 
肯德基(佛罗伦萨小镇店),卓耀路58弄佛罗伦萨小镇上海名品奥特莱斯2层,0.0,17.0,19.0,5.0,1.0,7.4,7.4,7.5, 34 
肯德基(长岛店),长岛路1150号1层,1.0,116.0,199.0,63.0,45.0,7.6,7.6,7.4, 39 
肯德基(吴中店),吴中路1109号一层A商铺,1.0,94.0,152.0,42.0,24.0,7.8,7.7,7.6, 39 
肯德基,宝安公路3718号,0.0,28.0,73.0,16.0,23.0,7.3,7.4,7.1, 37 
肯德基(汇川店),长宁路1018号B1层,1.0,432.0,642.0,351.0,90.0,7.4,7.3,7.3, 29 
肯德基(宋园店),虹桥路1286号,1.0,125.0,159.0,55.0,29.0,7.8,7.9,7.6, 27 
肯德基(洛川店),洛川东路221号,1.0,93.0,156.0,58.0,31.0,7.5,7.3,7.4, 26 
肯德基(世博源店),上南路168号世博源3区B层,0.0,245.0,389.0,95.0,63.0,7.7,7.7,7.5, 40 
肯德基(益丰店),高科中路2860号,1.0,46.0,92.0,33.0,21.0,7.5,7.5,7.2, 37 
肯德基(嫩江店),中原路102号,1.0,101.0,167.0,79.0,44.0,7.7,7.6,7.4, 30 
肯德基(申月店),江月路1853号浦江城市生活广场B座1层D03,1.0,88.0,117.0,22.0,26.0,7.5,7.7,7.3, 38 
肯德基(新曹杨店),曹杨路648号一层,1.0,84.0,101.0,26.0,21.0,7.5,7.1,7.4, 27 
肯德基(江文店),江文路589号一层A商铺,1.0,70.0,153.0,36.0,41.0,7.5,7.3,7.5, 27 
肯德基(磁浮店),浦东机场磁悬浮站台2层A01商铺,0.0,54.0,132.0,86.0,13.0,7.1,7.1,6.9, 35 
肯德基(保德店),保德路88号,1.0,96.0,184.0,39.0,24.0,7.9,8.0,7.9, 32 
肯德基(银霄店),银霄路393号一层园艺区C区,1.0,53.0,86.0,28.0,23.0,7.6,7.6,7.6, 21 
肯德基(顾村公园店),陆翔路111弄正大乐城104-105号,1.0,79.0,123.0,20.0,29.0,7.9,7.7,7.6, 32 
肯德基(芷江店),芷江西路488号五月花广场1层,0.0,106.0,158.0,52.0,22.0,7.7,7.6,7.5, 31 
肯德基(北上海生活广场店),蕰川公路1555号北上海生活广场2层,1.0,52.0,142.0,41.0,17.0,7.8,7.7,7.7, 27 
肯德基(联洋店),芳甸路193号,1.0,95.0,145.0,47.0,33.0,7.4,7.4,7.2, 45 
肯德基(龙柏店),红松路505号,1.0,54.0,132.0,55.0,36.0,7.1,6.9,6.8, 35 
肯德基(龙茗店),龙茗路1048号,1.0,82.0,158.0,56.0,33.0,7.7,7.8,7.5, 29 
肯德基(铜川店),铜川路1688号,1.0,62.0,101.0,30.0,16.0,7.6,7.7,7.4, 27 
肯德基(罗山店),博山东路50号,1.0,95.0,184.0,56.0,36.0,7.3,7.6,7.1, 28 
肯德基(新北新泾店),天山西路181号,1.0,138.0,186.0,50.0,38.0,7.6,7.6,7.5, 32 
肯德基(上海滩店),上海华侨城投资发展有限公司园区内上海滩景区,0.0,16.0,20.0,0.0,1.0,7.7,7.7,7.6,-
肯德基(金海店),金海路2493号宝龙城市广场一幢,1.0,69.0,123.0,27.0,27.0,7.6,7.4,7.4, 28 
肯德基(大宁店),广中西路758号,1.0,128.0,196.0,47.0,40.0,7.7,7.8,7.6, 44 
肯德基(汇宝店),漕宝路3509号汇宝购物广场1层,1.0,151.0,225.0,89.0,72.0,7.5,7.3,7.1, 26 
肯德基(顾村店),水产西路957号,1.0,59.0,124.0,39.0,24.0,7.3,7.3,7.4, 30 
肯德基(甘泉店),志丹路135号,1.0,124.0,213.0,95.0,40.0,7.6,7.5,7.4, 40 
肯德基(吴泾宝龙店),吴泾镇尚义路39弄3号吴泾镇尚义路39弄3号吴泾宝龙广场一层商铺号1F-013-1F、1F-04,1.0,34.0,35.0,9.0,3.0,7.7,7.7,7.4, 39 
肯德基(虹桥高铁店),虹桥火车站站内B1层,0.0,185.0,219.0,71.0,50.0,7.6,7.6,7.5, 44 
肯德基(芳汇店),长寿路1118号芳汇广场1层,1.0,89.0,94.0,30.0,8.0,7.7,7.6,7.4, 26 
肯德基(城中店),城中路2号,1.0,35.0,66.0,19.0,20.0,7.6,7.5,7.5, 29 
肯德基(中兴店),秣陵路303号新客站北广场站屋一层,0.0,42.0,35.0,11.0,7.0,7.2,7.1,7.2, 32 
肯德基(金矿镇店),上海华侨城投资发展有限公司园区内阳光港商业街,0.0,36.0,69.0,33.0,9.0,7.4,7.2,7.4, 33 
肯德基(万象城店),吴中路1799号LG175b号商铺,0.0,67.0,76.0,10.0,9.0,7.8,7.8,7.8, 20 
肯德基(金沙江店),金沙江路1685号,1.0,127.0,159.0,73.0,44.0,7.7,7.5,7.3, 27 
肯德基(长江南店),长江南路5号,1.0,88.0,185.0,81.0,56.0,7.4,7.5,7.3, 22 
肯德基(哈密店),仙霞西路88号,1.0,112.0,160.0,60.0,35.0,7.5,7.4,7.3, 24 
肯德基(大宁国际店),闸北区共和新路1898号,1.0,176.0,305.0,183.0,73.0,7.2,7.2,7.0, 27 
肯德基(宝山万达店),高镜镇0006街坊2-1丘,0.0,154.0,220.0,71.0,33.0,8.1,8.0,7.9, 36 
肯德基(绅富店),"公园东路1289弄121,122,123,259,260号",1.0,28.0,51.0,11.0,9.0,7.8,7.7,7.7, 61 
肯德基(高铁精选3店),铁路上海虹桥站到达层商铺号，B1-北13,0.0,34.0,39.0,5.0,4.0,7.3,7.2,7.3, 41 
肯德基(保乐店),闵行华漕镇繁兴路399弄2号,1.0,52.0,114.0,34.0,19.0,7.6,7.5,7.5, 24 
肯德基(共和店),共和新路3318号,1.0,134.0,202.0,56.0,32.0,7.6,7.6,7.4, 29 
肯德基(中环店),真光路1288号百联中环购物广场A区1层,1.0,110.0,155.0,79.0,42.0,7.3,7.2,7.1, 34 
肯德基(宝山龙湖店),丹霞山路50弄1号宝山天街一层,1.0,16.0,17.0,2.0,2.0,7.7,7.6,7.6, 30 
肯德基(逸仙店),逸仙路580号,1.0,152.0,230.0,89.0,40.0,7.6,7.4,7.3, 30 
肯德基(宝翔店),丰翔路3168号,1.0,49.0,86.0,28.0,22.0,7.4,7.7,7.6, 25 
肯德基(大华店),华灵路1051号,1.0,113.0,215.0,66.0,29.0,7.9,7.7,7.8, 32 
肯德基(协信星光广场店),江场路1228弄协信星光广场北里地面1楼中庭,0.0,15.0,20.0,1.0,2.0,7.7,7.4,7.5, 35 
肯德基(嘉松店),沪青平公路2888号百联奥特莱斯C区2层213号,0.0,43.0,61.0,28.0,11.0,7.4,7.3,7.4, 38 
肯德基(爱琴海店),虹井路120弄6号B1层,0.0,16.0,15.0,4.0,2.0,7.2,7.0,7.0, 33 
肯德基(宝宸店),长江西路2211号1层1FA-03号商铺,1.0,121.0,168.0,73.0,38.0,7.5,7.7,7.5, 27 
肯德基(莘建店),水清南路20号,1.0,93.0,152.0,46.0,42.0,7.4,7.4,7.1, 28 
肯德基(光大店),漕宝路78号,1.0,95.0,129.0,56.0,18.0,7.5,7.1,7.5, 34 
肯德基(九亭店),九亭镇九亭大街370号,1.0,54.0,170.0,42.0,23.0,7.4,7.5,7.4, 40 
肯德基,浦东国际机场T1航站楼禁区外出发3层,0.0,4.0,7.0,0.0,0.0,7.5,7.2,7.5,-
肯德基(机场店),虹桥路2550号虹桥机场内,0.0,44.0,81.0,83.0,26.0,7.0,6.8,6.8, 39 
肯德基(新南广店),上海火车站南广场1层东南出口,0.0,43.0,42.0,14.0,8.0,7.2,7.3,7.1, 40 
肯德基(安信店),牡丹江路1255号安信商业广场F区,1.0,65.0,125.0,37.0,22.0,7.3,7.6,7.5, 40 
肯德基(江苏店),"江苏路398号1,2层",0.0,60.0,116.0,67.0,24.0,7.4,7.2,7.2, 23 
肯德基(凌兆店),灵岩南路1026号,1.0,70.0,127.0,41.0,30.0,7.1,7.2,7.1, 28 
肯德基(月浦店),龙镇路75号,1.0,39.0,147.0,26.0,20.0,7.5,7.4,7.2, 31 
肯德基(长临店),共康路555号,1.0,82.0,136.0,43.0,36.0,7.5,7.4,7.1, 30 
肯德基(松江万达店),广富林路658弄松江万达广场2002号商铺,0.0,34.0,39.0,5.0,5.0,7.7,8.0,7.9, 28 
肯德基(仲盛世界商城店),都市路5001号仲盛世界商城B1层,0.0,36.0,37.0,7.0,12.0,7.5,7.5,7.2, 25 
肯德基(通园店),张杨北路5537号,1.0,29.0,58.0,7.0,18.0,7.4,7.6,7.5, 23 
肯德基(国展店),"盈港东路158号国家会展中心（上海）之商业广场一层D-L114号,二层D-L220号",0.0,45.0,63.0,13.0,15.0,7.2,7.5,7.3, 54 
肯德基(柳州店),上海南站站厅层,0.0,59.0,75.0,25.0,14.0,7.3,7.1,7.1, 22 
肯德基(城湘店),梅家浜路1500弄101号,1.0,34.0,74.0,22.0,25.0,7.6,7.6,7.5, 32 
肯德基(罗店),月罗路2380号,1.0,36.0,83.0,13.0,15.0,7.7,7.5,7.5, 42 
肯德基(丰庄店),曹安路1685号,1.0,53.0,82.0,36.0,28.0,7.2,7.2,6.9, 31 
肯德基(新邻天地店),武威路1285号新邻天地1层,1.0,57.0,76.0,21.0,25.0,7.4,7.5,7.5, 30 
肯德基(嘉定城北店),平城路1188号1号商铺,1.0,43.0,54.0,31.0,21.0,7.3,7.2,7.1, 32 
肯德基(南广场店),秣陵路303号,1.0,179.0,261.0,197.0,108.0,6.8,6.7,6.5, 34 
肯德基(万里店),新村路1500号,1.0,69.0,111.0,50.0,31.0,7.2,7.2,7.0, 28 
肯德基(杨行店),水产路2449号一层,1.0,44.0,60.0,13.0,7.0,7.3,7.5,7.4, 33 
肯德基(南翔店),南翔镇解放街160号,1.0,51.0,104.0,38.0,23.0,7.4,7.4,7.2, 25 
肯德基(新里程店),浦东高青路2671号,1.0,64.0,115.0,24.0,21.0,7.6,7.5,7.6, 34 
肯德基(御桥店),沪南公路2420号一层,1.0,62.0,117.0,32.0,30.0,7.3,7.3,7.2, 28 
肯德基(万嘉商业广场店),东靖路1881号万嘉商业广场1层,1.0,69.0,130.0,42.0,39.0,7.4,7.4,7.1, 39 
肯德基(闵行店),江川路279号,1.0,54.0,112.0,45.0,24.0,7.3,7.2,7.1, 27 
肯德基(嘉定店),清河路8号,1.0,42.0,101.0,27.0,15.0,7.5,7.6,7.2, 40 
肯德基(嘉亭荟城市生活广场店),墨玉南路1033-1099号嘉亭荟城市生活广场1层,0.0,47.0,87.0,21.0,19.0,7.4,7.6,7.2, 25 
肯德基(徐泾店),育才路259号,1.0,28.0,68.0,14.0,25.0,7.0,7.0,7.0, 36 
肯德基(北广场店),上海火车站北广场1层北进站口,0.0,65.0,56.0,19.0,6.0,7.4,7.5,7.5, 35 
肯德基(陈行店),陈行公路2688号OMALL华侨城商业中心1层,1.0,77.0,125.0,28.0,53.0,7.5,7.6,7.4, 31 
肯德基,世纪大道红魔重庆美蛙火锅旁,0.0,1.0,3.0,0.0,0.0,7.3,7.3,7.3,-
肯德基(龙城店),七莘路3655,1.0,77.0,119.0,20.0,33.0,7.3,7.4,7.2, 36 
肯德基(龙翔店),蒙山北路399号,0.0,12.0,16.0,2.0,1.0,7.6,7.6,7.6, 22 
肯德基(南站精选店),上海南站站内2层,0.0,19.0,21.0,4.0,7.0,7.5,7.5,7.6, 29 
肯德基(豫园店),福佑路234号,0.0,61.0,89.0,70.0,49.0,6.9,6.8,6.7, 30 
肯德基(松江店),松江县中山中路99号,1.0,57.0,122.0,22.0,13.0,7.6,7.6,7.6, 23 
肯德基(奉城店),"奉贤镇城大路115号1,2楼",1.0,19.0,40.0,13.0,8.0,7.5,7.6,7.5, 28 
肯德基(虹桥连廊精选店),申昆路1500号3层CF322a,0.0,45.0,40.0,15.0,6.0,7.5,7.3,7.1, 29 
肯德基甜品站(五角场万达店),邯郸路608弄50号,0.0,7.0,7.0,2.0,1.0,7.4,7.1,7.0,-
肯德基(乐购店),七莘路3155号,1.0,83.0,128.0,33.0,24.0,7.6,7.8,7.5, 33 
肯德基(莘福路店),莘福路288号一层,0.0,8.0,9.0,0.0,1.0,7.3,7.2,6.9,-
肯德基(鸿音广场店),南芦公路1755弄鸿音广场1层,1.0,17.0,39.0,7.0,11.0,7.2,7.2,7.0, 30 
肯德基(柳州2店),南站站层,0.0,24.0,40.0,3.0,5.0,7.9,7.9,7.8, 26 
肯德基(思贤店),思贤路778--780号,1.0,45.0,72.0,29.0,13.0,7.4,7.5,7.5, 31 
肯德基(天宝店),新港路229-245号1楼11,0.0,70.0,104.0,55.0,29.0,7.3,7.1,7.0, 28 
肯德基(磁浮精选店),机场站磁悬浮站第二层编号为A07,0.0,50.0,70.0,47.0,18.0,7.1,7.1,7.0, 32 
肯德基(祝桥店),祝桥镇百熙路368弄13号一层,1.0,17.0,63.0,8.0,14.0,7.2,7.3,7.1, 37 
肯德基(九亭站店),轨道交通九亭站,0.0,38.0,43.0,6.0,6.0,7.1,7.5,7.4, 19 
肯德基(南桥宝龙店),"航南公路5639号,5699号宝龙商业广场2号楼",1.0,23.0,31.0,4.0,5.0,7.5,7.4,7.2, 39 
肯德基(新牡丹江店),同泰北路401号,0.0,55.0,67.0,19.0,21.0,7.3,7.1,7.2, 33 
肯德基(黄渡DT店),曹安路4671号上海协通大酒店停车场上建造房产及场地,1.0,17.0,42.0,13.0,9.0,7.5,7.6,7.5, 52 
肯德基(联富店),河南北路99号,0.0,33.0,44.0,20.0,11.0,7.3,7.2,7.1, 23 
肯德基(吾悦广场店),淀山湖大道218号吾悦广场1层,0.0,16.0,42.0,7.0,8.0,7.6,7.6,7.6, 43 
肯德基(车墩店),"车墩镇影维路258弄2号一,二层",1.0,15.0,38.0,10.0,9.0,7.1,7.2,6.8, 37 
肯德基(金汇店),华夏东路2255号,1.0,31.0,65.0,25.0,11.0,7.3,7.4,7.4, 30 
肯德基(三阳店),南京东路626-636号一层和二层,0.0,47.0,51.0,35.0,27.0,7.1,7.1,7.1, 31 
肯德基(亭坊店),涞坊路589号一层,1.0,25.0,70.0,22.0,20.0,7.4,7.3,7.3, 38 
肯德基(朱泾店),朱泾镇公园路246弄51号,1.0,16.0,72.0,14.0,7.0,7.5,7.4,7.4, 23 
肯德基(盈港店),青浦镇盈港路555号,1.0,22.0,53.0,6.0,4.0,7.5,7.5,7.4, 38 
肯德基(北门店),北门大街13号,1.0,18.0,54.0,19.0,2.0,7.3,7.2,7.2, 26 
肯德基(澄浏店),"澄浏中路3120,3122,3124,3126号一层",1.0,26.0,38.0,6.0,18.0,7.3,7.2,6.9, 20 
肯德基(明兴店),新桥镇明兴路口家乐福新南路购物中心101号商铺,0.0,18.0,17.0,4.0,4.0,7.2,7.2,7.1, 30 
肯德基(刘行店),菊盛路912-916号,1.0,69.0,121.0,35.0,36.0,7.2,7.4,7.5, 45 
肯德基(东方现代商业广场店),晨阳路225弄东方现代商业广场1层,1.0,20.0,38.0,10.0,12.0,7.3,7.1,7.2, 37 
肯德基(吴淞店),水产路1234号,1.0,55.0,95.0,42.0,12.0,7.3,7.4,7.4, 26 
肯德基(江川店),"泗泾镇江川北路263,265等号",1.0,26.0,76.0,26.0,9.0,7.3,7.4,7.3, 21 
肯德基(叶榭店),叶榭镇求仁路149号1层,1.0,29.0,57.0,13.0,10.0,7.7,7.6,7.2, 40 
肯德基(名都店),莘朱路168号B1,1.0,75.0,119.0,58.0,32.0,7.3,7.4,7.2, 25 
肯德基(鼎城店),惠南镇南门大街18号,0.0,30.0,72.0,18.0,7.0,7.6,7.6,7.6, 36 
肯德基(曹安店),曹安路1588号,0.0,28.0,46.0,14.0,13.0,7.3,7.2,7.2, 30 
肯德基(长征店),杨柳青路768号,1.0,52.0,79.0,30.0,24.0,7.1,6.9,6.6, 26 
肯德基(马陆弘基店),"沪宜公路2400,2398号1,2层",1.0,28.0,56.0,21.0,25.0,7.3,7.4,7.0, 33 
肯德基(虹井路店),虹井路188号,0.0,8.0,6.0,1.0,2.0,7.0,6.7,7.1,-
肯德基(施湾店),施新路802弄1号,1.0,20.0,39.0,5.0,13.0,6.9,7.2,7.1, 35 
肯德基(华徐店),徐泾镇沪青平公路1829号,1.0,19.0,59.0,15.0,17.0,7.4,7.2,7.3, 25 
肯德基(清河店),城中路162号,0.0,24.0,25.0,10.0,4.0,7.7,7.0,7.3, 30 
肯德基(博乐店),博乐路99号,1.0,50.0,83.0,30.0,28.0,7.4,7.3,7.3, 37 
肯德基(合庆店),庆南路8号,1.0,18.0,36.0,12.0,10.0,7.1,7.2,7.2, 31 
肯德基(南翔大润发店),沪宜公路1030弄1号,1.0,15.0,19.0,4.0,2.0,7.6,7.6,7.7, 30 
肯德基(蒙山店),卫清路477号,0.0,21.0,43.0,10.0,10.0,7.6,7.6,7.7, 29 
肯德基(同乐店),洞泾镇同乐路399号6幢号一层1F05-07号,1.0,12.0,35.0,5.0,6.0,7.3,7.3,7.2, 33 
肯德基(沪松DT店),松江荣乐东路1595号,1.0,22.0,47.0,7.0,8.0,7.2,7.2,7.2, 49 
肯德基(西渡店),西渡沪杭公路238弄（近西闸路）连城商业广场1号,1.0,25.0,92.0,16.0,8.0,7.6,7.6,7.4, 26 
肯德基(富绅店),盈港路1666弄3-1、3-2号1层,1.0,11.0,10.0,3.0,1.0,7.1,7.1,7.1,-
肯德基(高东店),新区高东镇新园路128号1楼,1.0,30.0,53.0,6.0,20.0,7.1,7.0,6.9, 33 
肯德基(阳光小区店),南亭公路601号,1.0,15.0,34.0,5.0,4.0,7.4,7.4,7.4, 26 
肯德基(新桥店),新桥镇新南街377号,1.0,21.0,69.0,15.0,12.0,7.3,7.3,7.2, 26 
肯德基(豫安阁店),方浜中路235号,1.0,35.0,47.0,28.0,20.0,6.8,7.1,6.9, 35 
肯德基(腾飞店),上海天钥桥路666号八万人体育场内,0.0,1.0,1.0,1.0,2.0,6.5,6.9,6.7, 30 
肯德基(华新店),"华新镇华强街239号B02商铺中1,2层",1.0,17.0,37.0,27.0,21.0,6.8,6.6,6.5, 27 
肯德基(平高店),九峰路118号101室-3商铺,1.0,23.0,31.0,0.0,9.0,7.2,7.4,7.2, 28 
肯德基(汽车城店),安亭镇新源路577号,1.0,18.0,36.0,4.0,4.0,7.5,7.5,7.6, 29 
肯德基(南奉店),南奉公路8889号,1.0,21.0,49.0,14.0,8.0,7.2,7.3,7.3, 35 
肯德基,兰溪路137号,0.0,17.0,21.0,1.0,0.0,7.8,7.6,7.6, 25 
肯德基(南桥店),解放中路400号,0.0,16.0,42.0,13.0,2.0,7.2,7.2,7.1, 30 
肯德基(鹿都国际商业广场店),松汇中路568号鹿都国际商业广场2层,0.0,17.0,32.0,4.0,1.0,7.5,7.4,7.4, 24 
肯德基(石化店),卫清路858号,1.0,17.0,48.0,20.0,7.0,7.1,7.2,7.2, 24 
肯德基(坂桥店),卫清西路168弄99号一层B103-B104号,1.0,27.0,51.0,19.0,9.0,7.2,7.4,7.4, 30 
肯德基(动力南精选店),沪闵路9001号上海南站（1F三角地A-1)一层,0.0,45.0,63.0,24.0,30.0,7.4,7.3,7.1, 30 
肯德基(动力南广场店),石龙路750-3号上海南站地下商场南馆,0.0,82.0,138.0,144.0,67.0,6.7,6.7,6.5, 24 
肯德基(新源店),川沙路4839号,0.0,52.0,92.0,43.0,33.0,7.2,7.0,6.9, 28 
肯德基(贵都店),都市路3366号,0.0,34.0,58.0,23.0,18.0,7.2,7.3,6.9, 31 
KFC甜品站,福州路556号,0.0,28.0,34.0,4.0,2.0,7.4,7.1,7.2, 26 
肯德基(机场店),迎宾一路700号虹桥机场1号航站楼A楼,0.0,3.0,7.0,2.0,0.0,7.2,7.2,7.3, 30 
肯德基(亭枫店),朱泾镇沈浦泾路28号,0.0,16.0,30.0,3.0,7.0,7.5,7.5,7.4, 21 
肯德基(申港大道DT店),茉莉路225弄56-64号一层,0.0,4.0,5.0,0.0,1.0,6.9,6.9,6.9,-
肯德基(胜兴路店),胜兴路426号,0.0,1.0,0.0,0.0,1.0,6.4,6.4,6.4,-
肯德基(环城店),奉贤南桥环城东路1468号,1.0,14.0,44.0,6.0,2.0,7.0,7.3,7.0, 29 
肯德基甜品站(延长店),延长中路312号,0.0,21.0,18.0,5.0,2.0,7.1,7.1,7.1, 36 
仲盛世界商城 肯德基,凯城路199号,0.0,3.0,6.0,1.0,1.0,7.4,7.4,7.5,-
肯德基(阳光港店),华侨城投资发展有限公司园区内阳光港商业街,0.0,1.0,2.0,1.0,0.0,6.8,6.8,6.8, 30 
肯德基甜品站(松江店),中山中路99号1楼,0.0,3.0,3.0,0.0,1.0,7.4,7.4,7.4,-
肯德基(永辉精选店),广富林路658弄666号松江万达广场B1层永辉超市商铺号,0.0,4.0,2.0,0.0,3.0,6.6,6.6,6.4, 30 
肯德基(佛罗伦萨广场店),机场镇103街坊64-1,0.0,10.0,18.0,1.0,2.0,7.1,7.1,7.0, 39 
